station_id,station_name,station_latitude,station_longitude
229,Foothill Blvd at 42nd Ave,37.7757452,-122.2130372
4,Cyril Magnin St at Ellis St,37.7858806269,-122.4089150084
245,Downtown Berkeley BART,37.870139,-122.268422
85,Church St at Duboce Ave,37.7700831,-122.4291557
16,Steuart St at Market St,37.79413,-122.39443
34,Father Alfred E Boeddeker Park,37.78398789999999,-122.412408
318,San Carlos St at Market St,37.330698,-121.888979
29,O'Farrell St at Divisadero St,37.7824046019,-122.4394458532
223,16th St Mission BART Station 2,37.7647652155,-122.42009103299999
378,Empire St at 7th St,37.3477445655,-121.8907999992
266,Parker St at Fulton St,37.8624644,-122.26479109999998
349,Howard St at Mary St,37.7810097172,-122.40566611290001
77,11th St at Natoma St,37.7735069,-122.4160402
312,San Jose Diridon Station,37.329732,-121.901782
41,Golden Gate Ave at Polk St,37.78127,-122.41874
305,Ryland Park,37.342725,-121.895617
81,Berry St at 4th St,37.77588,-122.39317
370,Jones St at Post St,37.7873267661,-122.41327822209999
121,Mission Playground,37.75921029999999,-122.4213392
25,Howard St at 2nd St,37.7875217805,-122.3974049091
95,Sanchez St at 15th St,37.7662185,-122.4310597
3,Powell St BART Station (Market St at 4th St),37.786375268600004,-122.40490436549999
201,10th St at Fallon St,37.7976728,-122.2629973
115,Jackson Playground,37.7650259,-122.3987734
364,China Basin St at 3rd St,37.7719996,-122.3899698
18,Telegraph Ave at Alcatraz Ave,37.8502218745,-122.2601723671
86,Market St at Dolores St,37.76930529999999,-122.4268256
17,Embarcadero BART Station (Beale St at Market St),37.792251,-122.39708600000002
244,Shattuck Ave at Hearst Ave,37.8736762146,-122.268487215
78,Folsom St at 9th St,37.7737172,-122.4116467
278,The Alameda at Bush St,37.3319323,-121.9048882
104,4th St at 16th St,37.7670445797,-122.390833497
239,Bancroft Way at Telegraph Ave,37.8688126,-122.258764
139,Garfield Square (25th St at Harrison St),37.75101710000001,-122.4119009
87,Folsom St at 13th St,37.769757,-122.415674
47,4th St at Harrison St,37.7809545996,-122.3997491598
99,Folsom St at 15th St,37.7670373,-122.4154425
73,Pierce St at Haight St,37.7717933,-122.43370790000002
74,Laguna St at Hayes St,37.7764348192,-122.4262440205
274,Oregon St at Adeline St,37.85756720000001,-122.2675583
141,Valencia St at Cesar Chavez St,37.7479981,-122.4202187
67,San Francisco Caltrain Station 2  (Townsend St at 4th St),37.77663920000001,-122.3955263
311,Paseo De San Antonio at 2nd St,37.333798,-121.886943
129,Harrison St at 20th St,37.758862,-122.412544
230,14th St at Mandela Pkwy,37.81074320000001,-122.2914153
130,22nd St Caltrain Station,37.757718421599996,-122.3918125033
27,Beale St at Harrison St,37.7880593,-122.3918648
13,Commercial St at Montgomery St,37.794231,-122.402923
22,Howard St at Beale St,37.789756,-122.394643
109,17th St at Valencia St,37.7633158,-122.4219039
14,Clay St at Battery St,37.795001,-122.39997
377,Fell St at Stanyan St,37.7719168826,-122.45370447639999
292,Empire St at 1st St,37.3448821,-121.8969655
256,Hearst Ave at Euclid Ave,37.8751116929,-122.2605532408
119,18th St at Noe St,37.7610471,-122.43264170000002
183,Telegraph Ave at 19th St,37.8087021,-122.2699271
258,University Ave at Oxford St,37.8723555,-122.2664467
235,Union St at 10th St,37.8072393,-122.2893702
89,Division St at Potrero Ave,37.7692178615,-122.4076455832
238,MLK Jr Way at University Ave,37.8717192,-122.2730677
310,San Fernando St at 4th St,37.335885,-121.88566000000002
20,Mechanics Monument Plaza (Market St at Bush St),37.7913,-122.399051
262,West St at University Ave,37.8699667076,-122.2865331173
54,Alamo Square (Steiner St at Fulton St),37.7775467702,-122.4332740903
28,The Embarcadero at Bryant St,37.7871680147,-122.3880979233
250,North Berkeley BART Station,37.873558,-122.283093
279,Santa Clara St at 7th St,37.3391456,-121.8841054
70,Central Ave at Fell St,37.7733108789,-122.4442926049
252,Channing Way at Shattuck Ave,37.86584660000001,-122.26744309999998
75,Market St at Franklin St,37.7737932061,-122.4212390184
58,Market St at 10th St,37.776619,-122.417385
133,Valencia St at 22nd St,37.7552126,-122.42097520000002
11,Davis St at Jackson St,37.79728,-122.398436
88,11th St at Bryant St,37.7700298,-122.4117258
385,Woolsey St at Sacramento St,37.8505777,-122.2781754
336,Potrero Ave and Mariposa St,37.7632809406,-122.4073773623
127,Valencia St at 21st St,37.7567083,-122.421025
101,15th St at Potrero Ave,37.7670785046,-122.4073585868
341,Fountain Alley at S 2nd St,37.3361883003,-121.8892765045
177,MacArthur Blvd at Telegraph Ave,37.82628629999999,-122.2651002
253,Haste St at College Ave,37.8664179405,-122.25379943850001
251,California St at University Ave,37.8705553291,-122.2797203064
296,5th St at Virginia St,37.3259984,-121.87712
6,The Embarcadero at Sansome St,37.80477,-122.403234
71,Broderick St at Oak St,37.7730627,-122.4390777
163,Lake Merritt BART Station,37.7973195,-122.2653199
247,Fulton St at Bancroft Way,37.8677892,-122.26589640000002
114,Rhode Island St at 17th St,37.7644783,-122.4025701
243,Bancroft Way at College Ave,37.8693603,-122.2543374
30,San Francisco Caltrain (Townsend St at 4th St),37.776598,-122.395282
276,Julian St at The Alameda,37.3322326,-121.9125165
196,Grand Ave at Perkins St,37.808893934000004,-122.2564601898
62,Victoria Manalo Draves Park,37.7777905703,-122.4064318836
44,Civic Center/UN Plaza BART Station (Market St at McAllister St),37.7810737,-122.4117382
49,S Park St at 3rd St,37.7807601,-122.3949894
285,Webster St at O'Farrell St,37.7835208353,-122.4311578274
92,Mission Bay Kids Park,37.7723006317,-122.39302754399999
66,3rd St at Townsend St,37.7787416115,-122.39274082709998
93,4th St at Mission Bay Blvd S,37.7704074,-122.39119840000002
197,El Embarcadero at Grand Ave,37.8088479,-122.24967990000002
24,Spear St at Folsom St,37.78967670000001,-122.39042849999998
61,Howard St at 8th St,37.7765126,-122.4113061
294,Pierce Ave at Market St,37.327581,-121.884559
7,Frank H Ogawa Plaza,37.8045623549,-122.2717380524
122,19th St at Mission St,37.760299,-122.418892
241,Ashby BART Station,37.8524766,-122.2702132
15,San Francisco Ferry Building (Harry Bridges Plaza),37.795392,-122.394203
166,College Ave at Alcatraz Ave,37.8513755,-122.2525233
107,17th St at Dolores St,37.7630152,-122.42649679999998
26,1st St at Folsom St,37.78729000000001,-122.39438
10,Washington St at Kearny St,37.7953929373,-122.4047702551
132,24th St at Chattanooga St,37.7518194,-122.4266139
76,McCoppin St at Valencia St,37.7716624622,-122.42242321370001
120,Mission Dolores Park,37.7614205,-122.4264353
21,Montgomery St BART Station (Market St at 2nd St),37.7896254,-122.400811
351,10th St at University Ave,37.8690604755,-122.29339957239999
321,5th St at Folsom,37.7801457035,-122.40307085239999
269,Telegraph Ave at Carleton St,37.8623199,-122.258801
267,Derby St at College Ave,37.8618037,-122.2535687
240,Haste St at Telegraph Ave,37.86604310000001,-122.2588044
181,Grand Ave at Webster St,37.8113768,-122.2651925
323,Broadway at Kearny,37.798013644,-122.4059504271
112,Harrison St at 17th St,37.7638471,-122.41300359999998
110,17th & Folsom Street Park (17th St at Folsom St),37.7637085,-122.41520420000002
356,Valencia St at Clinton Park,37.7691881781,-122.42228508
277,Morrison Ave at Julian St,37.3336577,-121.90858590000002
42,San Francisco City Hall (Polk St at Grove St),37.77865,-122.41823
227,Foothill Blvd at Fruitvale Ave,37.78375689999999,-122.2226033
137,Jersey St at Castro St,37.750506,-122.4339496
50,2nd St at Townsend St,37.780526,-122.39028799999998
113,Franklin Square,37.764555,-122.410345
106,Sanchez St at 17th St,37.7632417,-122.4306746
383,Golden Gate Ave at Franklin St,37.7807871267,-122.4219337106
270,Ninth St at Heinz Ave,37.8534894,-122.2894154
36,Folsom St at 3rd St,37.78383,-122.39887
148,Horton St at 40th St,37.82970460000001,-122.2876102
345,Hubbell St at 16th St,37.7664742152,-122.3982954025
179,Telegraph Ave at 27th St,37.816073115,-122.2678864002
154,Doyle St at 59th St,37.8419238,-122.2880451
254,Vine St at Shattuck Ave,37.8802224459,-122.2695922852
255,Virginia St at Shattuck Ave,37.8765725491,-122.26952791209999
202,Washington St at 8th St,37.8007544,-122.2748943
116,Mississippi St at 17th St,37.76480220000001,-122.3947713
124,19th St at Florida St,37.7604469,-122.410807
371,Lombard St at Columbus Ave,37.8027461525,-122.41357862950001
31,Raymond Kimbell Playground,37.7838127093,-122.4345588684
33,Golden Gate Ave at Hyde St,37.7816495,-122.4154077
338,13th St at Franklin St,37.8031890811,-122.27057933809999
357,2nd St at Julian St,37.3411320355,-121.8928438425
79,7th St at Brannan St,37.7734919,-122.4036725
5,Powell St BART Station (Market St at 5th St),37.7838993571,-122.40844488139999
123,Folsom St at 19th St,37.7605936,-122.41481709999998
35,Cahill Park,37.3291186681,-121.90457582469999
218,DeFremery Park,37.8123315,-122.2851712
178,Broadway at 30th St,37.81938140000001,-122.2619284
180,Telegraph Ave at 23rd St,37.8126783,-122.2687726
246,Berkeley Civic Center,37.8690599,-122.270556
268,Ellsworth St at Russell St,37.8574902146,-122.2615778446
350,8th St at Brannan St,37.7714313629,-122.4057868123
195,Bay Pl at Vernon St,37.8123140914,-122.26077854629999
190,West St at 40th St,37.8302232,-122.2709501
55,Webster St at Grove St,37.7770527,-122.4295585
182,19th Street BART Station,37.8090126,-122.2682473
198,Snow Park,37.8078131822,-122.26449608799999
90,Townsend St at 7th St,37.771058,-122.402717
9,Broadway at Battery St,37.7985721085,-122.4008689821
126,Esprit Park,37.7616343,-122.3906477
64,5th St at Brannan St,37.7767539,-122.3990176
8,The Embarcadero at Vallejo St,37.799953,-122.398525
343,Bryant St at 2nd St,37.7831719893,-122.3935720325
171,Rockridge BART Station,37.844278754,-122.2519004345
136,23rd St at San Bruno Ave,37.7544356,-122.4043639
56,Koshland Park,37.77341397,-122.4273169041
175,49th St at Telegraph Ave,37.8359455,-122.2623663
314,Santa Clara St at Almaden Blvd,37.333988,-121.894902
172,College Ave at Taft Ave,37.8417999,-122.2515349
363,Salesforce Transit Center (Natoma St at 2nd St),37.7874921044,-122.3982846737
52,McAllister St at Baker St,37.7774157,-122.4418376
324,Union Square (Powell St at Post St),37.7882999782,-122.40853071209999
365,Turk St at Fillmore St,37.78045006,-122.4319463968
211,Broadway at 40th St,37.8277573,-122.2567156
280,San Fernando St at 7th St,37.3371223729,-121.88321471209998
200,2nd Ave at E 18th St,37.800213567,-122.25381016729999
284,Yerba Buena Center for the Arts (Howard St at 3rd St),37.7848720844,-122.4008756876
155,Emeryville Public Market,37.840521166900004,-122.2935283184
317,San Salvador St at 9th St,37.333955,-121.877349
59,S Van Ness Ave at Market St,37.774814,-122.418954
19,Post St at Kearny St,37.788975,-122.403452
224,21st Ave at International Blvd,37.7848546623,-122.239304781
291,Autumn Parkway at Coleman Ave,37.3413348,-121.90318290000002
355,23rd St at Tennessee St,37.7553671322,-122.3887950182
237,Fruitvale BART Station,37.7752321,-122.2244982
60,8th St at Ringold St,37.7745204011,-122.40944936870001
96,Dolores St at 15th St,37.7662102,-122.4266136
168,Alcatraz Ave at Shattuck Ave,37.8495949678,-122.2655689716
46,San Antonio Park,37.7901398519,-122.24237322809999
313,Almaden Blvd at San Fernando St,37.331415,-121.8932
23,The Embarcadero at Steuart St,37.79146400000001,-122.391034
142,Guerrero Park,37.7457387962,-122.4221402407
340,Harmon St at Adeline St,37.849735,-122.270582
194,Lakeshore Ave at Trestle Glen Rd,37.81108070000001,-122.24326770000002
108,16th St Mission BART,37.7647100858,-122.4199569225
282,Market St at Park St,37.3324263013,-121.89034938809999
176,MacArthur BART Station,37.8284099731,-122.26631462569999
259,Addison St at Fourth St,37.866249,-122.2993708
265,Ninth St at Parker St,37.8588682,-122.2912095
63,Bryant St at 6th St,37.7759102223,-122.4025750067
192,37th St at West St,37.8266955864,-122.271797061
263,Channing Way at San Pablo Ave,37.8628271,-122.2902305
146,30th St at San Jose Ave,37.7423139,-122.4231805
97,14th St at Mission St,37.7682646,-122.4201102
80,Townsend St at 5th St,37.7752348686,-122.3974370956
339,Jackson St at 11th St,37.8000016312,-122.2664380074
134,Valencia St at 24th St,37.7524278,-122.4206278
373,Potrero del Sol Park (25th St at Utah St),37.7517916453,-122.4052155018
100,Bryant St at 15th St,37.7671004,-122.41066200000002
125,20th St at Bryant St,37.7592005,-122.409851
43,San Francisco Public Library (Grove St at Hyde St),37.7787677,-122.4159292
39,Scott St at Golden Gate Ave,37.7789994,-122.4368608
214,Market St at Brockhurst St,37.8233214,-122.2757325
369,Hyde St at Post St,37.7873490232,-122.4166510999
193,Grand Ave at Santa Clara Ave,37.8127441,-122.2472152
207,Broadway at Coronado Ave,37.8357883,-122.2516207
337,Webster St at 19th St,37.806969761,-122.2665882111
157,65th St at Hollis St,37.8467842,-122.2913761
381,20th St at Dolores St,37.7582384242,-122.4260938168
368,Myrtle St at Polk St,37.7854338279,-122.41962164639999
145,29th St at Church St,37.7436839,-122.42680590000002
144,Precita Park,37.74729960000001,-122.4114029
37,2nd St at Folsom St,37.7849997283,-122.3959356175
72,Page St at Scott St,37.772406,-122.4356498
380,Masonic Ave at Turk St,37.7790466585,-122.4472913146
153,59th St at Horton St,37.84094520000001,-122.2913604
105,16th St at Prosper St,37.764285,-122.43180420000002
210,45th St at Manila,37.833293522199995,-122.2562241554
131,22nd St at Dolores St,37.7550002604,-122.42572769520001
167,College Ave at Harwood Ave,37.848152,-122.2521599
327,5th St at San Salvador St,37.332038681,-121.8817663193
281,9th St at San Fernando St,37.33839520000001,-121.8807965
147,29th St at Tiffany Ave,37.74406670000001,-122.4214722
372,Madison St at 17th St,37.804036784000004,-122.2624093294
206,College Ave at Bryant Ave,37.8381269,-122.25127140000002
160,West Oakland BART Station,37.8053183,-122.2948365
91,Berry St at King St,37.7717621103,-122.3984375596
309,San Jose City Hall,37.337391,-121.886995
204,55th St at Telegraph Ave,37.84018579999999,-122.2618225
53,Grove St at Divisadero,37.77594600000001,-122.4377775
213,32nd St at Adeline St,37.8238474,-122.2811926
158,Shattuck Ave at Telegraph Ave,37.8332786,-122.26349009999998
219,Marston Campbell Park,37.8098236,-122.2801923
102,Irwin St at 8th St,37.7668828,-122.3995794
242,Milvia St at Derby St,37.8601245991,-122.269384414
149,Emeryville Town Hall,37.8312752,-122.2856333
248,Telegraph Ave at Ashby Ave,37.8559558,-122.2597949
289,5th St at Taylor St,37.3510173,-121.8959209
162,Franklin St at 9th St,37.8005161,-122.2720799
186,Lakeside Dr at 14th St,37.8013189,-122.2626418
169,Bushrod Park,37.8465156,-122.2653043
140,Cesar Chavez St at Dolores St,37.7478584,-122.4249863
360,Newhall St at 3rd St,37.7385718713,-122.3896177858
232,MLK Jr Way at 14th St,37.8061628,-122.2760402
233,4th Ave at E 12th St (Temporary Location),37.795913,-122.255547
118,Eureka Valley Recreation Center,37.7591769,-122.4369431
273,Fulton St at Ashby Ave,37.8555736618,-122.2635653615
222,10th Ave at E 15th St,37.7927143,-122.2487796
84,Duboce Park,37.7692005,-122.4338119
220,San Pablo Ave at MLK Jr Way,37.8113514,-122.2734217
189,Genoa St at 55th St,37.83964879999999,-122.2717561
138,Jersey St at Church St,37.7509004,-122.4274114
315,Market St at 45th St,37.834174,-122.272968
187,Jack London Square,37.796248,-122.279352
209,45th St at MLK Jr Way,37.83355770000001,-122.2674183
188,Dover St at 57th St,37.8426295,-122.267738
257,Fifth St at Delaware St,37.8704071155,-122.2996759415
231,14th St at Filbert St,37.808749834699995,-122.28328228
203,Webster St at 2nd St,37.7951947644,-122.2739696503
151,53rd St at Hollis St,37.8361823,-122.2871801
191,Market St at 40th St,37.8305452,-122.2739367
308,San Pedro Square,37.336802,-121.8940901
212,Mosswood Park,37.82489253,-122.26043654610001
205,Miles Ave at Cavour St,37.8388,-122.258732
150,Adeline St at 40th St,37.8312769,-122.2782669
297,Locust St at Grant St,37.3229796,-121.8879312
159,24th St at Market St,37.8160598,-122.27824440000002
299,Bestor Art Park,37.3236779,-121.8741186
236,Market St at 8th St,37.8036865,-122.282497
249,Russell St at College Ave,37.8584732,-122.2532529
271,San Pablo Park,37.8557833203,-122.28312671180001
361,Mendell St at Fairfax Ave,37.739853018000005,-122.3856554925
362,Lane St at Revere Ave,37.7317266935,-122.3900556564
286,San Carlos St at 11th St,37.3364659,-121.8766132
152,47th St at San Pablo Ave,37.8356322046,-122.28105068209999
234,Farnam St at Fruitvale Ave,37.778058,-122.2254
216,San Pablo Ave at 27th St,37.8178269,-122.2756976
316,San Salvador St at 1st St,37.330165,-121.885831
174,Shattuck Ave at 51st St,37.8368013,-122.2640037
304,Jackson St at 5th St,37.3487586867,-121.8947978318
275,Julian St at 6th St,37.3429973,-121.8888891
215,34th St at Telegraph Ave,37.8225475,-122.2663179
288,Mission St at 1st St,37.3509643,-121.90201609999998
156,Stanford Ave at Hollis St,37.8384435,-122.2886647
306,Saint James Park,37.339301,-121.88993700000002
301,Willow St at Vine St,37.3184498,-121.88317240000002
287,Almaden Blvd at Balbach St,37.32673,-121.8892731
170,Telegraph Ave at 58th St,37.8444927,-122.261351
359,Williams Ave at Apollo St,37.730167508200005,-122.3989632726
298,Oak St at 1st St,37.3221246254,-121.88109040260001
283,Delmas Ave and San Fernando St,37.3302641,-121.8977018
217,27th St at MLK Jr Way,37.8170154,-122.2717615
221,6th Ave at E 12th St (Temporary Location),37.794396,-122.253842
173,Shattuck Ave at 55th St,37.8403643,-122.2644881
228,Foothill Blvd at Harrington Ave,37.77993,-122.2177284
358,Williams Ave at 3rd St,37.7292786517,-122.3928961158
307,SAP Center,37.332692,-121.900084
295,William St at 10th St,37.3327938,-121.8759263
375,Grove St at Masonic Ave,37.7748362941,-122.44654566049999
303,San Pedro St at Hedding St,37.352601,-121.905733
164,Isabella St at San Pablo Ave,37.8149882304,-122.2748440504
290,George St at 1st St,37.3477319,-121.899464
226,26th Ave at International Blvd,37.781123,-122.2329915
225,23rd Ave at Foothill Blvd,37.7851915,-122.2343822
300,Palm St at Willow St,37.3172979,-121.884995
98,Valencia St at 16th St,37.765052,-122.4218661
272,Woolsey St at Sacramento St1,37.850577684,-122.278175354
386,24th St at Bartlett St,37.7521049844,-122.41972357030001
51,Parker Ave at McAllister St,37.7761009126,-122.4530929327
398,Leavenworth St at Broadway,37.7964706916,-122.41685763
344,16th St Depot,37.766348585900005,-122.39629179239999
388,Backesto Park (Jackson St at 13th St),37.3528868273,-121.8860498071
389,Taylor St at 9th St,37.3530616613,-121.8919372559
390,Indiana St at Cesar Chavez St,37.7504343571,-122.390447259
400,Buchanan St at North Point St,37.8042720199,-122.4335369468
395,Kerley Dr at Rosemary St,37.360854155300004,-121.9068342447
399,Bay St at Fillmore St,37.8026359497,-122.4362888932
393,Asbury St at The Alameda,37.3380095179,-121.9194272161
384,Jackson St at Polk St,37.7941604417,-122.42156758899999
401,Skyport Dr at Technology Dr,37.3652265519,-121.9168147445
387,Randall St at Chenery St,37.7398127173,-122.42552250620001
407,Bird Ave at Coe Ave,37.31515793,-121.89783275129999
352,Goettingen St at Bacon St,37.7269429662,-122.4065995216
397,Gish Rd at 1st St,37.3618668003,-121.90931528809999
394,10th St at Empire St,37.3494263088,-121.88761889930001
391,1st St at Younger Ave,37.3550295823,-121.9044363499
402,Raymond Bernal Jr Memorial Park (8th St at Hedding St),37.3568343528,-121.8959357589
392,Sonora Ave at 1st St,37.3640604623,-121.9117319584
403,10th St at Mission St,37.3556926512,-121.8922510743
396,Metro Dr at Technology Dr,37.367678052399995,-121.9187942147
406,Parkmoor Ave at Race St,37.3167364785,-121.9100046158
411,Octavia Blvd at Page St,37.7740179377,-122.42380857469999
409,2100 Powell St,37.8395430827,-122.2987177223
376,Illinois St at 20th St,37.7604575554,-122.3875397444
417,Park Ave at Race St,37.3260108479,-121.9123274088
416,Auzerais Ave at Los Gatos Creek Trail,37.3211818343,-121.9030898809
410,Illinois St at Cesar Chavez St,37.7502000103,-122.3865674436
412,Glen Park BART Station,37.7328128005,-122.43414044379999
405,Sunol St at San Carlos St,37.323451338699996,-121.90597593780001
418,17th St at Santa Clara St,37.343984678000005,-121.8743848801
415,Delmas Ave at Virginia St,37.31975696,-121.8929994106
420,SF Test Station,0.0,0.0
424,Greenwich St at Webster St,37.7992079263,-122.4341216683
419,Fern St at Polk St,37.7881969078,-122.4203726649
422,Stockton Ave at Lenzen Ave,37.336774762800005,-121.90914899110001
427,Auzerais Ave at Lincoln Ave,37.3209685315,-121.90829604860001
425,Bird Ave at Willow St,37.3112839461,-121.8963253498
426,San Carlos St at Meridian Ave,37.3233446906,-121.9134968519
404,21st St at Santa Clara St,37.3457587953,-121.87067806719999
423,South San Jose State (7th St at Humboldt St),37.3203158211,-121.8700987101
413,Balboa Park BART Station,37.7205549887,-122.4477231503
421,23rd St at Taylor St,37.360001391,-121.8787783384
440,Carl St at Cole St,37.7659102072,-122.4492573738
433,Gennessee St at Monterey Blvd,37.73165669,-122.4511215091
443,3rd St at Keyes St,37.3208661459,-121.87627851959999
431,Judson Ave at Gennessee St,37.7282815925,-122.4506950378
408,MTL-ECO5-01,45.51,-73.57
208,4th St at San Carlos St,37.3327995239,-121.8838503957
446,Mint St at Mission St,37.7822795298,-122.4073129892
459,Utah St at 24th St,37.7531234601,-122.4053925276
445,Natoma St at New Montgomery St,37.7865530626,-122.39960700270001
367,Outside Lands (Temporary Station),37.771104,-122.473658
465,San Francisco Caltrain Station (King St at 4th St),37.7763288173,-122.394438386
453,Brannan St at 4th St,37.777933670100005,-122.3969730735
12,Pier 1/2 at The Embarcadero,37.7963894,-122.3945855
460,Terry Francois Blvd at Warriors Way,37.7690948873,-122.38633275030001
441,Chestnut St at Van Ness Ave,37.8022883861,-122.42450863120001
462,Cruise Terminal at Pier 27,37.8042232774,-122.40164279940001
461,Terry Francois Blvd at Mission Bay Blvd N,37.7713295942,-122.3866224289
38,The Embarcadero at Pier 38,37.782926087,-122.3879206181
436,McKinnon Ave at 3rd St,37.736295872199996,-122.38996982569999
434,Carroll Ave at 3rd St,37.725375194099996,-122.39401996139999
455,McAllister St at Arguello Blvd,37.7752136679,-122.4583339691
454,7th Ave at Cabrillo St,37.7751755066,-122.4650073051
456,Arguello Blvd at Geary Blvd,37.7814676154,-122.4588060379
438,Oakdale Ave at Phelps St,37.736851621199996,-122.3942506313
463,Heron's Head Park,37.7403217764,-122.3767840862
470,N 14th St at E Santa Clara St,37.3426625921,-121.87729239459999
435,Jennings St at Revere Ave,37.7293932066,-122.3865365982
467,Brannan St at Colin P Kelly Jr St,37.7823857881,-122.3913431168
475,22nd St at William St,37.340378740700004,-121.8640208244
468,Grove St at Gough St,37.7778700702,-122.42295295
442,Newbury Park Dr at King Rd,37.3655356586,-121.86796635389999
439,Post St at Divisadero St,37.7843718111,-122.43947803969999
482,Brannan St at 7th St,37.7726578771,-122.4036812782
432,Quesada Ave at 3rd St,37.7330928099,-122.3909729719
474,14th Ave at Geary Blvd,37.7804712592,-122.4728232622
466,5th Ave at Anza St,37.779487609200004,-122.46314182879999
472,Columbia Ave at Bird Ave,37.324125951199996,-121.89971968530001
469,Ellis St at Pierce St,37.7819816875,-122.4357698858
437,Evans Ave at Mendell St,37.7401775434,-122.383736372
471,Turk Blvd at Stanyan St,37.7776093103,-122.45462179180001
473,Willow St at Blewett Ave,37.309014074299995,-121.900010705
476,19th St at William St,37.3384680141,-121.86652064319999
429,Prototype Lab,37.7200351855,-122.4952411652
480,Steiner St at California St,37.7885689142,-122.43540108200001
493,Folsom St at 7th St,37.7766637828,-122.40790843959999
487,Powell St at Columbus Ave,37.800496036700004,-122.4108870327
481,O'Farrell St at Masonic Ave,37.7811305517,-122.44737446309999
485,Funston Ave at Fulton St,37.773263176,-122.4712300301
489,Funston Ave at Clement St,37.782497876,-122.4719676375
486,Arguello Blvd at Edward St,37.7784869864,-122.45864510540001
483,7th St at King St,37.7712290179,-122.4008864164
490,9th Ave at Geary Blvd,37.7818407155,-122.46763587
478,Greenwich St at Franklin St,37.8002544308,-122.4259194732
477,17th Ave at Geary Blvd,37.780719885799996,-122.4761036038
492,Webster St at Clay St,37.7908030324,-122.43259012700001
491,Devine St at San Pedro St,37.3386706046,-121.89564406870001
488,Egbert Ave at Jennings St,37.7226299219,-122.3924964666
484,Philly Demo,39.8925670971,-75.1737141609
449,16th Depot Bike Fleet Station,0.0,0.0
